hcat3_code,hcat3_name,ec_code,ec_name,hrl_code,hrl_name
3301000000,arable_crops,,,3100,Unclassified arable crop
3301010000,cereal,200.0,Cereals,1150,Other Cereals
3301010100,common_soft_wheat,211.0,Common wheat,1110,Wheat
3301010101,winter_common_soft_wheat,211.0,Common wheat,1110,Wheat
3301010102,spring_common_soft_wheat,211.0,Common wheat,1110,Wheat
3301010199,unspecified_season_common_soft_wheat,211.0,Common wheat,1110,Wheat
3301010200,durum_hard_wheat,212.0,Durum wheat,1110,Wheat
3301010201,winter_durum_hard_wheat,212.0,Durum wheat,1110,Wheat
3301010202,spring_durum_hard_wheat,212.0,Durum wheat,1110,Wheat
3301010299,unspecified_season_durum_hard_wheat,212.0,Durum wheat,1110,Wheat
3301010300,rye,214.0,Rye,1150,Other Cereals
3301010301,winter_rye,214.0,Rye,1150,Other Cereals
3301010302,spring_rye,214.0,Rye,1150,Other Cereals
3301010399,unspecified_season_rye,214.0,Rye,1150,Other Cereals
3301010400,barley,213.0,Barley,1120,Barley
3301010401,winter_barley,213.0,Barley,1120,Barley
3301010402,spring_barley,213.0,Barley,1120,Barley
3301010499,unspecified_season_barley,213.0,Barley,1120,Barley
3301010500,oats,215.0,Oats,1150,Other Cereals
3301010501,winter_oats,215.0,Oats,1150,Other Cereals
3301010502,spring_oats,215.0,Oats,1150,Other Cereals
3301010599,unspecified_season_oats,215.0,Oats,1150,Other Cereals
3301010600,grain_maize_corn_popcorn,216.0,Maize,1130,Maize
3301010699,unspecified_season_grain_maize_corn_popcorn,216.0,Maize,1130,Maize
3301010700,rice,217.0,Rice,1140,Rice
3301010799,unspecified_season_rice,217.0,Rice,1140,Rice
3301010800,triticale,218.0,Triticale,1150,Other Cereals
3301010801,winter_triticale,218.0,Triticale,1150,Other Cereals
3301010802,spring_triticale,218.0,Triticale,1150,Other Cereals
3301010899,unspecified_season_triticale,218.0,Triticale,1150,Other Cereals
3301010900,millet_sorghum,219.0,Other cereals,1150,Other Cereals
3301010901,winter_millet_sorghum,219.0,Other cereals,1150,Other Cereals
3301010902,spring_millet_sorghum,219.0,Other cereals,1150,Other Cereals
3301010904,teff,219.0,Other cereals,1150,Other Cereals
3301010999,unspecified_season_millet_sorghum,219.0,Other cereals,1150,Other Cereals
3301011000,spelt,219.0,Other cereals,1150,Other Cereals
3301011001,winter_spelt,219.0,Other cereals,1150,Other Cereals
3301011002,spring_spelt,219.0,Other cereals,1150,Other Cereals
3301011099,unspecified_season_spelt,219.0,Other cereals,1150,Other Cereals
3301011100,meslin,219.0,Other cereals,1150,Other Cereals
3301011101,winter_meslin,219.0,Other cereals,1150,Other Cereals
3301011102,spring_meslin,219.0,Other cereals,1150,Other Cereals
3301011199,unspecified_season_meslin,219.0,Other cereals,1150,Other Cereals
3301011200,emmer,219.0,Other cereals,1150,Other Cereals
3301011201,winter_emmer,219.0,Other cereals,1150,Other Cereals
3301011202,spring_emmer,219.0,Other cereals,1150,Other Cereals
3301011299,unspecified_season_emmer,219.0,Other cereals,1150,Other Cereals
3301011300,einkorn,219.0,Other cereals,1150,Other Cereals
3301011301,winter_einkorn,219.0,Other cereals,1150,Other Cereals
3301011302,spring_einkorn,219.0,Other cereals,1150,Other Cereals
3301011399,unspecified_season_einkorn,219.0,Other cereals,1150,Other Cereals
3301011400,canary_seed_canaryseed,219.0,Other cereals,1150,Other Cereals
3301011499,unspecified_season_canary_seed_canaryseed,219.0,Other cereals,1150,Other Cereals
3301011500,unspecified_cereals,219.0,Other cereals,1150,Other Cereals
3301011501,winter_unspecified_cereals,219.0,Other cereals,1150,Other Cereals
3301011502,spring_unspecified_cereals,219.0,Other cereals,1150,Other Cereals
3301011503,summer_unspecified_cereals,219.0,Other cereals,1150,Other Cereals
3301011599,unspecified_season_unspecified_cereals,219.0,Other cereals,1150,Other Cereals
3301019900,other_cereals,219.0,Other cereals,1150,Other Cereals
3301019999,unspecified_season_other_cereals,219.0,Other cereals,1150,Other Cereals
3301020000,legumes_dried_pulses_protein_crops,240.0,"Dry pulses, vegetables and flowers",1220,Dry Pulses
3301020100,beans,240.0,"Dry pulses, vegetables and flowers",1220,Dry Pulses
3301020200,chickpeas,240.0,"Dry pulses, vegetables and flowers",1220,Dry Pulses
3301020300,esparsette_onobrychis,240.0,"Dry pulses, vegetables and flowers",1220,Dry Pulses
3301020400,fenugreek,240.0,"Dry pulses, vegetables and flowers",1220,Dry Pulses
3301020500,lentils,240.0,"Dry pulses, vegetables and flowers",1220,Dry Pulses
3301020600,peas,240.0,"Dry pulses, vegetables and flowers",1220,Dry Pulses
3301020700,sweet_lupins,240.0,"Dry pulses, vegetables and flowers",1220,Dry Pulses
3301029800,unspecified_legumes_dried_pulses_protein_crops,240.0,"Dry pulses, vegetables and flowers",1220,Dry Pulses
3301029900,other_dry_pulses,240.0,"Dry pulses, vegetables and flowers",1220,Dry Pulses
3301030000,potatoes,221.0,Potatoes,1310,Potatoes
3301040000,sweet_potatoes,223.0,Other roots crops,1310,Potatoes
3301050000,fodder_roots,250.0,Other fodder crops (excl. temp. grasslands),3100,Unclassified arable crop
3301060000,industrial_nonfood_crops,230.0,Other non permanent industrial crops,3100,Unclassified arable crop
3301060100,tobacco,230.0,Other non permanent industrial crops,3100,Unclassified arable crop
3301060200,hops,230.0,Other non permanent industrial crops,3200,Unclassified permanent crop
3301060300,cotton,230.0,Other non permanent industrial crops,1440,"Flax, cotton and hemp"
3301060400,rapeseed_rape,232.0,Rape and turnip rape,1430,Rapeseed
3301060401,winter_rapeseed_rape,232.0,Rape and turnip rape,1430,Rapeseed
3301060402,spring_rapeseed_rape,232.0,Rape and turnip rape,1430,Rapeseed
3301060403,summer_rapeseed_rape,232.0,Rape and turnip rape,1430,Rapeseed
3301060499,unspecified_season_rapeseed_rape,232.0,Rape and turnip rape,1430,Rapeseed
3301060500,sunflower,231.0,Sunflower,1410,Sunflower
3301060600,poppy,230.0,Other non permanent industrial crops,3100,Unclassified arable crop
3301060601,winter_poppy,230.0,Other non permanent industrial crops,3100,Unclassified arable crop
3301060602,summer_poppy,230.0,Other non permanent industrial crops,3100,Unclassified arable crop
3301060700,flax_linseed,230.0,Other non permanent industrial crops,1440,"Flax, cotton and hemp"
3301060701,flax_linen,230.0,Other non permanent industrial crops,1440,"Flax, cotton and hemp"
3301060702,flax_linseed_oil,230.0,Other non permanent industrial crops,1440,"Flax, cotton and hemp"
3301060800,oilseed_crops,230.0,Other non permanent industrial crops,3100,Unclassified arable crop
3301060900,guizotia_abyssinica_nyger,250.0,Other fodder crops (excl. temp. grasslands),3100,Unclassified arable crop
3301061000,hemp_cannabis,230.0,Other non permanent industrial crops,1440,"Flax, cotton and hemp"
3301061001,finola,230.0,Other non permanent industrial crops,1440,"Flax, cotton and hemp"
3301061100,fibre_crops,230.0,Other non permanent industrial crops,1440,"Flax, cotton and hemp"
3301061200,aromatic_medicinal_culinary_plants_spices_herbs,240.0,"Dry pulses, vegetables and flowers",1210,Fresh Vegetables
3301061201,actaea_baneberry_christopher_herbs,240.0,"Dry pulses, vegetables and flowers",1210,Fresh Vegetables
3301061202,alchemilla_ladys_mantle,240.0,"Dry pulses, vegetables and flowers",1210,Fresh Vegetables
3301061203,anethum_dill,240.0,"Dry pulses, vegetables and flowers",1210,Fresh Vegetables
3301061204,angelica,240.0,"Dry pulses, vegetables and flowers",1210,Fresh Vegetables
3301061205,anise_aniseed,240.0,"Dry pulses, vegetables and flowers",1210,Fresh Vegetables
3301061206,artemisia,240.0,"Dry pulses, vegetables and flowers",1210,Fresh Vegetables
3301061207,basil,240.0,"Dry pulses, vegetables and flowers",1210,Fresh Vegetables
3301061208,black_cumin,240.0,"Dry pulses, vegetables and flowers",1210,Fresh Vegetables
3301061209,borage,240.0,"Dry pulses, vegetables and flowers",1210,Fresh Vegetables
3301061210,calendula_marigold,240.0,"Dry pulses, vegetables and flowers",1210,Fresh Vegetables
3301061211,caraway,240.0,"Dry pulses, vegetables and flowers",1210,Fresh Vegetables
3301061212,catnip,240.0,"Dry pulses, vegetables and flowers",1210,Fresh Vegetables
3301061213,chamomile,240.0,"Dry pulses, vegetables and flowers",1210,Fresh Vegetables
3301061214,chervil,240.0,"Dry pulses, vegetables and flowers",1210,Fresh Vegetables
3301061215,coriander,240.0,"Dry pulses, vegetables and flowers",1210,Fresh Vegetables
3301061216,ericaceae_heather,240.0,"Dry pulses, vegetables and flowers",1210,Fresh Vegetables
3301061217,galium_bedstraw,240.0,"Dry pulses, vegetables and flowers",1210,Fresh Vegetables
3301061218,hibiscus,240.0,"Dry pulses, vegetables and flowers",1210,Fresh Vegetables
3301061219,lavender_lavandula,240.0,"Dry pulses, vegetables and flowers",1210,Fresh Vegetables
3301061220,lemon_balm_melissa,240.0,"Dry pulses, vegetables and flowers",1210,Fresh Vegetables
3301061221,lovage_maggiplant,240.0,"Dry pulses, vegetables and flowers",1210,Fresh Vegetables
3301061222,mints_peppermint,240.0,"Dry pulses, vegetables and flowers",1210,Fresh Vegetables
3301061223,moldavian_dragonhead,240.0,"Dry pulses, vegetables and flowers",1210,Fresh Vegetables
3301061224,nasturtiums,240.0,"Dry pulses, vegetables and flowers",1210,Fresh Vegetables
3301061225,nettles,240.0,"Dry pulses, vegetables and flowers",1210,Fresh Vegetables
3301061226,oregano,240.0,"Dry pulses, vegetables and flowers",1210,Fresh Vegetables
3301061227,parsly,240.0,"Dry pulses, vegetables and flowers",1210,Fresh Vegetables
3301061228,piper_pepper,240.0,"Dry pulses, vegetables and flowers",1210,Fresh Vegetables
3301061229,polygonum,240.0,"Dry pulses, vegetables and flowers",1210,Fresh Vegetables
3301061230,rosemary,240.0,"Dry pulses, vegetables and flowers",1210,Fresh Vegetables
3301061231,rubia_tinctorum_common_madder,240.0,"Dry pulses, vegetables and flowers",1210,Fresh Vegetables
3301061232,saffron_crocus_sativus,240.0,"Dry pulses, vegetables and flowers",1210,Fresh Vegetables
3301061233,silver_comb,240.0,"Dry pulses, vegetables and flowers",1210,Fresh Vegetables
3301061234,st_johns_wort,240.0,"Dry pulses, vegetables and flowers",1210,Fresh Vegetables
3301061235,stachys_hedgenettle_chinese_artichoke,240.0,"Dry pulses, vegetables and flowers",1210,Fresh Vegetables
3301061236,tarragon,240.0,"Dry pulses, vegetables and flowers",1210,Fresh Vegetables
3301061237,thyme,240.0,"Dry pulses, vegetables and flowers",1210,Fresh Vegetables
3301061238,valerian,240.0,"Dry pulses, vegetables and flowers",1210,Fresh Vegetables
3301061239,yarrow,240.0,"Dry pulses, vegetables and flowers",1210,Fresh Vegetables
3301061298,unspecified_aromatic_medicinal_culinary_plants_spices_herbs,240.0,"Dry pulses, vegetables and flowers",1210,Fresh Vegetables
3301061299,other_aromatic_medicinal_culinary_plants_spices_herbs,240.0,"Dry pulses, vegetables and flowers",1210,Fresh Vegetables
3301061300,marian_thistles,240.0,"Dry pulses, vegetables and flowers",1210,Fresh Vegetables
3301061400,phacelia,240.0,"Dry pulses, vegetables and flowers",1210,Fresh Vegetables
3301061500,camelina,240.0,"Dry pulses, vegetables and flowers",1210,Fresh Vegetables
3301061600,onobrychis_sainfoins,240.0,"Dry pulses, vegetables and flowers",1210,Fresh Vegetables
3301069900,other_industrial_crops,230.0,Other non permanent industrial crops,3100,Unclassified arable crop
3301070000,fresh_vegetables,240.0,"Dry pulses, vegetables and flowers",1210,Fresh Vegetables
3301080000,flowers_ornamental_plants,240.0,"Dry pulses, vegetables and flowers",1210,Fresh Vegetables
3301080100,adonis,240.0,"Dry pulses, vegetables and flowers",1210,Fresh Vegetables
3301080200,anemones_windflowers,240.0,"Dry pulses, vegetables and flowers",1210,Fresh Vegetables
3301080300,asters,240.0,"Dry pulses, vegetables and flowers",1210,Fresh Vegetables
3301080400,begonias,240.0,"Dry pulses, vegetables and flowers",1210,Fresh Vegetables
3301080500,bluebells,240.0,"Dry pulses, vegetables and flowers",1210,Fresh Vegetables
3301080600,bulrush,240.0,"Dry pulses, vegetables and flowers",1210,Fresh Vegetables
3301080700,burnet,240.0,"Dry pulses, vegetables and flowers",1210,Fresh Vegetables
3301080800,carnation,240.0,"Dry pulses, vegetables and flowers",1210,Fresh Vegetables
3301080900,chrysanthemum,240.0,"Dry pulses, vegetables and flowers",1210,Fresh Vegetables
3301081000,cornflowers,240.0,"Dry pulses, vegetables and flowers",1210,Fresh Vegetables
3301081100,corsican_hellebore,240.0,"Dry pulses, vegetables and flowers",1210,Fresh Vegetables
3301081200,dahlia,240.0,"Dry pulses, vegetables and flowers",1210,Fresh Vegetables
3301081300,daisy_daisies,240.0,"Dry pulses, vegetables and flowers",1210,Fresh Vegetables
3301081400,dandelions,240.0,"Dry pulses, vegetables and flowers",1210,Fresh Vegetables
3301081500,echinacea_sun_hat,240.0,"Dry pulses, vegetables and flowers",1210,Fresh Vegetables
3301081600,edelweiss,240.0,"Dry pulses, vegetables and flowers",1210,Fresh Vegetables
3301081700,fiddleneck_amsinckia,240.0,"Dry pulses, vegetables and flowers",1210,Fresh Vegetables
3301110000,fallow_land_not_crop,250.0,Other fodder crops (excl. temp. grasslands),3100, Unclassified arable 
3301081800,fuchsias,240.0,"Dry pulses, vegetables and flowers",1210,Fresh Vegetables
3301081900,galega,240.0,"Dry pulses, vegetables and flowers",1210,Fresh Vegetables
3301082000,gentians,240.0,"Dry pulses, vegetables and flowers",1210,Fresh Vegetables
3301082100,gladiolus_gladioli,240.0,"Dry pulses, vegetables and flowers",1210,Fresh Vegetables
3301082200,goldenrod,240.0,"Dry pulses, vegetables and flowers",1210,Fresh Vegetables
3301082300,iris,240.0,"Dry pulses, vegetables and flowers",1210,Fresh Vegetables
3301082400,isatis_tinctoria_woad,240.0,"Dry pulses, vegetables and flowers",1210,Fresh Vegetables
3301082500,lilies,240.0,"Dry pulses, vegetables and flowers",1210,Fresh Vegetables
3301082600,lotus,240.0,"Dry pulses, vegetables and flowers",1210,Fresh Vegetables
3301082700,lunaria_honesty_silver,240.0,"Dry pulses, vegetables and flowers",1210,Fresh Vegetables
3301082800,malva,240.0,"Dry pulses, vegetables and flowers",1210,Fresh Vegetables
3301082900,milk_star,240.0,"Dry pulses, vegetables and flowers",1210,Fresh Vegetables
3301083000,miscanthus_silvergrass,240.0,"Dry pulses, vegetables and flowers",1210,Fresh Vegetables
3301083100,monstera_adansonii_eyelet,240.0,"Dry pulses, vegetables and flowers",1210,Fresh Vegetables
3301083200,moonseed,240.0,"Dry pulses, vegetables and flowers",1210,Fresh Vegetables
3301083300,narcissus_daffodil,240.0,"Dry pulses, vegetables and flowers",1210,Fresh Vegetables
3301083400,peony_peonies,240.0,"Dry pulses, vegetables and flowers",1210,Fresh Vegetables
3301083500,primrose,240.0,"Dry pulses, vegetables and flowers",1210,Fresh Vegetables
3301083600,rhododendron,240.0,"Dry pulses, vegetables and flowers",1210,Fresh Vegetables
3301083700,roses,240.0,"Dry pulses, vegetables and flowers",1210,Fresh Vegetables
3301083800,rudbeckia_coneflowers,240.0,"Dry pulses, vegetables and flowers",1210,Fresh Vegetables
3301083900,safflower,240.0,"Dry pulses, vegetables and flowers",1210,Fresh Vegetables
3301084000,salsify,240.0,"Dry pulses, vegetables and flowers",1210,Fresh Vegetables
3301084100,sanvitalia_procumbens,240.0,"Dry pulses, vegetables and flowers",1210,Fresh Vegetables
3301084200,serradella,240.0,"Dry pulses, vegetables and flowers",1210,Fresh Vegetables
3301084300,silene_catchfly,240.0,"Dry pulses, vegetables and flowers",1210,Fresh Vegetables
3301084400,silphium_rosinweeds,240.0,"Dry pulses, vegetables and flowers",1210,Fresh Vegetables
3301084500,snapdragons,240.0,"Dry pulses, vegetables and flowers",1210,Fresh Vegetables
3301084600,stonecrop,240.0,"Dry pulses, vegetables and flowers",1210,Fresh Vegetables
3301084700,tagetes,240.0,"Dry pulses, vegetables and flowers",1210,Fresh Vegetables
3301084800,thimbles,240.0,"Dry pulses, vegetables and flowers",1210,Fresh Vegetables
3301084900,tulips,240.0,"Dry pulses, vegetables and flowers",1210,Fresh Vegetables
3301085000,viola,240.0,"Dry pulses, vegetables and flowers",1210,Fresh Vegetables
3301085100,violets_pansies,240.0,"Dry pulses, vegetables and flowers",1210,Fresh Vegetables
3301085200,zinnias,240.0,"Dry pulses, vegetables and flowers",1210,Fresh Vegetables
3301089800,unspecified_flowers_ornamental_plants,240.0,"Dry pulses, vegetables and flowers",1210,Fresh Vegetables
3301089900,other_flowers_ornamental_plants,240.0,"Dry pulses, vegetables and flowers",1210,Fresh Vegetables
3301090000,plants_harvested_green,240.0,"Dry pulses, vegetables and flowers",1210,Fresh Vegetables
3301090100,temporary_grass,240.0,"Dry pulses, vegetables and flowers",1210,Fresh Vegetables
3301090200,poaceae_grasses,240.0,"Dry pulses, vegetables and flowers",1210,Fresh Vegetables
3301090201,elymus,240.0,"Dry pulses, vegetables and flowers",1210,Fresh Vegetables
3301090202,festuca_fescue,240.0,"Dry pulses, vegetables and flowers",1210,Fresh Vegetables
3301090203,cocksfoot_catgrass,240.0,"Dry pulses, vegetables and flowers",1210,Fresh Vegetables
3301090204,festulolium,240.0,"Dry pulses, vegetables and flowers",1210,Fresh Vegetables
3301090205,lolium_ryegrass,240.0,"Dry pulses, vegetables and flowers",1210,Fresh Vegetables
3301090206,setaria,240.0,"Dry pulses, vegetables and flowers",1210,Fresh Vegetables
3301090207,sod_turf,240.0,"Dry pulses, vegetables and flowers",1210,Fresh Vegetables
3301090208,switchgrass,240.0,"Dry pulses, vegetables and flowers",1210,Fresh Vegetables
3301090209,timothy,240.0,"Dry pulses, vegetables and flowers",1210,Fresh Vegetables
3301090300,legumes_harvested_green,240.0,"Dry pulses, vegetables and flowers",1210,Fresh Vegetables
3301090301,alfalfa_lucerne,250.0,Other fodder crops (excl. temp. grasslands),1210,Fresh Vegetables
3301090302,arachis,250.0,Other fodder crops (excl. temp. grasslands),1210,Fresh Vegetables
3301090303,clover,250.0,Other fodder crops (excl. temp. grasslands),1210,Fresh Vegetables
3301090304,melilot,250.0,Other fodder crops (excl. temp. grasslands),1210,Fresh Vegetables
3301090305,vetches,250.0,Other fodder crops (excl. temp. grasslands),1210,Fresh Vegetables
3301090398,unspecified_legumes_harvested_green,250.0,Other fodder crops (excl. temp. grasslands),1210,Fresh Vegetables
3301090400,green_silo_maize,216.0,Maize,1130,Maize
3301099900,other_plants_harvested_green,250.0,Other fodder crops (excl. temp. grasslands),1210,Fresh Vegetables
3301100000,arable_land_seed_seedlings,,,1210,Fresh Vegetables
3301120000,kitchen_gardens,240.0,"Dry pulses, vegetables and flowers",1210,Fresh Vegetables
3301130000,strawberries,240.0,"Dry pulses, vegetables and flowers",1210,Fresh Vegetables
3301140000,cucurbits,240.0,"Dry pulses, vegetables and flowers",1210,Fresh Vegetables
3301140100,cucumber_pickle,240.0,"Dry pulses, vegetables and flowers",1210,Fresh Vegetables
3301140200,honeydew,240.0,"Dry pulses, vegetables and flowers",1210,Fresh Vegetables
3301140300,melon,240.0,"Dry pulses, vegetables and flowers",1210,Fresh Vegetables
3301140400,pumpkin_squash_gourd,240.0,"Dry pulses, vegetables and flowers",1210,Fresh Vegetables
3301140500,watermelon,240.0,"Dry pulses, vegetables and flowers",1210,Fresh Vegetables
3301140600,zucchini_courgette,240.0,"Dry pulses, vegetables and flowers",1210,Fresh Vegetables
3301150000,pseudocereal,219.0,Other cereals,1150,Other Cereals
3301150100,amaranth,219.0,Other cereals,1150,Other Cereals
3301150200,buckwheat,219.0,Other cereals,1150,Other Cereals
3301150300,quinoa,219.0,Other cereals,1150,Other Cereals
3301160000,soy_soybeans,233.0,Soya,1420,Soybeans
3301170000,fennel,240.0,"Dry pulses, vegetables and flowers",1210,Fresh Vegetables
3301180000,topinambur_jerusalem_artichoke,240.0,"Dry pulses, vegetables and flowers",1210,Fresh Vegetables
3301190000,sage_chia,240.0,"Dry pulses, vegetables and flowers",1210,Fresh Vegetables
3301200000,asparagus,240.0,"Dry pulses, vegetables and flowers",1210,Fresh Vegetables
3301210000,brassicaceae_cruciferae,240.0,"Dry pulses, vegetables and flowers",1210,Fresh Vegetables
3301210100,mustard,240.0,"Dry pulses, vegetables and flowers",1210,Fresh Vegetables
3301210200,brassica_oleracea_cabbage,240.0,"Dry pulses, vegetables and flowers",1210,Fresh Vegetables
3301210201,bok_choy_pak_choi,240.0,"Dry pulses, vegetables and flowers",1210,Fresh Vegetables
3301210202,broccoli,240.0,"Dry pulses, vegetables and flowers",1210,Fresh Vegetables
3301210203,brussels_sprouts,240.0,"Dry pulses, vegetables and flowers",1210,Fresh Vegetables
3301210204,cauliflower,240.0,"Dry pulses, vegetables and flowers",1210,Fresh Vegetables
3301210205,chinese_cabbage,240.0,"Dry pulses, vegetables and flowers",1210,Fresh Vegetables
3301210206,collard_greens,240.0,"Dry pulses, vegetables and flowers",1210,Fresh Vegetables
3301210207,gai_lan,240.0,"Dry pulses, vegetables and flowers",1210,Fresh Vegetables
3301210208,kale,240.0,"Dry pulses, vegetables and flowers",1210,Fresh Vegetables
3301210209,kohlrabi,240.0,"Dry pulses, vegetables and flowers",1210,Fresh Vegetables
3301210210,red_cabbage,240.0,"Dry pulses, vegetables and flowers",1210,Fresh Vegetables
3301210211,savoy_cabbage,240.0,"Dry pulses, vegetables and flowers",1210,Fresh Vegetables
3301210212,white_cabbage,240.0,"Dry pulses, vegetables and flowers",1210,Fresh Vegetables
3301210299,other_brassica_oleracea_cabbage,240.0,"Dry pulses, vegetables and flowers",1210,Fresh Vegetables
3301210300,cress,240.0,"Dry pulses, vegetables and flowers",1210,Fresh Vegetables
3301210400,horseradish,240.0,"Dry pulses, vegetables and flowers",1210,Fresh Vegetables
3301210500,swede_rutabaga,240.0,"Dry pulses, vegetables and flowers",1210,Fresh Vegetables
3301220000,alliums,240.0,"Dry pulses, vegetables and flowers",1210,Fresh Vegetables
3301220100,chives,240.0,"Dry pulses, vegetables and flowers",1210,Fresh Vegetables
3301220200,garlic,240.0,"Dry pulses, vegetables and flowers",1210,Fresh Vegetables
3301220300,leek,240.0,"Dry pulses, vegetables and flowers",1210,Fresh Vegetables
3301220400,onions,240.0,"Dry pulses, vegetables and flowers",1210,Fresh Vegetables
3301220500,scallion,240.0,"Dry pulses, vegetables and flowers",1210,Fresh Vegetables
3301220600,shallot,240.0,"Dry pulses, vegetables and flowers",1210,Fresh Vegetables
3301230000,rhubarb,240.0,"Dry pulses, vegetables and flowers",1210,Fresh Vegetables
3301240000,purslane,240.0,"Dry pulses, vegetables and flowers",1210,Fresh Vegetables
3301250000,celery,240.0,"Dry pulses, vegetables and flowers",1210,Fresh Vegetables
3301250100,celeriac,240.0,"Dry pulses, vegetables and flowers",1210,Fresh Vegetables
3301250200,leaf_celery,240.0,"Dry pulses, vegetables and flowers",1210,Fresh Vegetables
3301260000,aubergine_eggplant,240.0,"Dry pulses, vegetables and flowers",1210,Fresh Vegetables
3301270000,artichoke,240.0,"Dry pulses, vegetables and flowers",1210,Fresh Vegetables
3301280000,tomato,240.0,"Dry pulses, vegetables and flowers",1210,Fresh Vegetables
3301290000,root_vegetables,223.0,Other roots crops,1210,Fresh Vegetables
3301290100,arctium_burdock,223.0,Other roots crops,1210,Fresh Vegetables
3301290200,beetroot_beets,222.0,Sugar beet,1320,Sugar Beet
3301290300,carrots_daucus,223.0,Other roots crops,1210,Fresh Vegetables
3301290400,mangelwurzel_fodder_beet,223.0,Other roots crops,1320,Sugar Beet
3301290500,parsnips,223.0,Other roots crops,1210,Fresh Vegetables
3301290600,radish,240.0,"Dry pulses, vegetables and flowers",1210,Fresh Vegetables
3301290700,sugar_beet,222.0,Sugar beet,1320,Sugar Beet
3301290800,turnips,223.0,Other roots crops,1210,Fresh Vegetables
3301299800,unspecified_root_vegetables,223.0,Other roots crops,1210,Fresh Vegetables
3301300000,capsicum,240.0,"Dry pulses, vegetables and flowers",1210,Fresh Vegetables
3301300100,bell_pepper_paprika,240.0,"Dry pulses, vegetables and flowers",1210,Fresh Vegetables
3301300200,chili_pepper,240.0,"Dry pulses, vegetables and flowers",1210,Fresh Vegetables
3301310000,salads_lettuce_leaf_vegetables,240.0,"Dry pulses, vegetables and flowers",1210,Fresh Vegetables
3301310100,chard,240.0,"Dry pulses, vegetables and flowers",1210,Fresh Vegetables
3301310200,chicory_chicories,240.0,"Dry pulses, vegetables and flowers",1210,Fresh Vegetables
3301310300,endive,240.0,"Dry pulses, vegetables and flowers",1210,Fresh Vegetables
3301310400,iceberg,240.0,"Dry pulses, vegetables and flowers",1210,Fresh Vegetables
3301310500,lambs_lettuce_rapunzel,240.0,"Dry pulses, vegetables and flowers",1210,Fresh Vegetables
3301310600,rocket_arugula,240.0,"Dry pulses, vegetables and flowers",1210,Fresh Vegetables
3301310700,sorrel,240.0,"Dry pulses, vegetables and flowers",1210,Fresh Vegetables
3301310800,spinach,240.0,"Dry pulses, vegetables and flowers",1210,Fresh Vegetables
3301319900,other_salads_lettuce_leaf_vegetables,240.0,"Dry pulses, vegetables and flowers",1210,Fresh Vegetables
3301990000,other_arable_land_crops,,,3100,Unclassified arable crop
3302000000,pasture_meadow_grassland_grass,500.0,Grassland (permanent and temporary),0,No Cropland
3303000000,permanent_crops_perennial,300.0,Woodland and shrubland type of vegetation,3200,Unclassified permanent crop
3303010000,orchards_fruits,300.0,Woodland and shrubland type of vegetation,2310,Fruits
3303010100,amelanchier_serviceberry,300.0,Woodland and shrubland type of vegetation,2310,Fruits
3303010200,apples,300.0,Woodland and shrubland type of vegetation,2310,Fruits
3303010300,apricots,300.0,Woodland and shrubland type of vegetation,2310,Fruits
3303010400,cherry_cherries,300.0,Woodland and shrubland type of vegetation,2310,Fruits
3303010500,feijoa,300.0,Woodland and shrubland type of vegetation,2310,Fruits
3303010600,fig,300.0,Woodland and shrubland type of vegetation,2310,Fruits
3303010700,kiwi,300.0,Woodland and shrubland type of vegetation,2310,Fruits
3303010800,medlar_loquat,300.0,Woodland and shrubland type of vegetation,2310,Fruits
3303010900,nectarine,300.0,Woodland and shrubland type of vegetation,2310,Fruits
3303011000,pawpaw,300.0,Woodland and shrubland type of vegetation,2310,Fruits
3303011100,peach,300.0,Woodland and shrubland type of vegetation,2310,Fruits
3303011200,pears,300.0,Woodland and shrubland type of vegetation,2310,Fruits
3303011300,plums,300.0,Woodland and shrubland type of vegetation,2310,Fruits
3303011400,pomegranate,300.0,Woodland and shrubland type of vegetation,2310,Fruits
3303011500,quinces,300.0,Woodland and shrubland type of vegetation,2310,Fruits
3303019800,unspecified_orchards_fruits,300.0,Woodland and shrubland type of vegetation,2310,Fruits
3303020000,berries_berry_species,300.0,Woodland and shrubland type of vegetation,2310,Fruits
3303020100,aronia_chokeberries,300.0,Woodland and shrubland type of vegetation,2310,Fruits
3303020200,blackberry,300.0,Woodland and shrubland type of vegetation,2310,Fruits
3303020300,blackcurrant_cassis,300.0,Woodland and shrubland type of vegetation,2310,Fruits
3303020400,blueberry,300.0,Woodland and shrubland type of vegetation,2310,Fruits
3303020500,cranberry,300.0,Woodland and shrubland type of vegetation,2310,Fruits
3303020600,currants,300.0,Woodland and shrubland type of vegetation,2310,Fruits
3303020700,gooseberry_gooseberries_cranberries,300.0,Woodland and shrubland type of vegetation,2310,Fruits
3303020800,hippophae_sea_buckthorns_seaberry,300.0,Woodland and shrubland type of vegetation,2310,Fruits
3303020900,jostaberry,300.0,Woodland and shrubland type of vegetation,2310,Fruits
3303021000,raspberry_raspberries,300.0,Woodland and shrubland type of vegetation,2310,Fruits
3303021100,redcurrant,300.0,Woodland and shrubland type of vegetation,2310,Fruits
3303021200,rose_hip_rosehip,300.0,Woodland and shrubland type of vegetation,2310,Fruits
3303021300,rowan_rowanberries,300.0,Woodland and shrubland type of vegetation,2310,Fruits
3303021400,tayberry,300.0,Woodland and shrubland type of vegetation,2310,Fruits
3303029800,unspecified_berries_berry_species,300.0,Woodland and shrubland type of vegetation,2310,Fruits
3303030000,nuts,300.0,Woodland and shrubland type of vegetation,2320,Nuts
3303030100,almond,300.0,Woodland and shrubland type of vegetation,2320,Nuts
3303030200,hazelnuts_hazel,300.0,Woodland and shrubland type of vegetation,2320,Nuts
3303030300,pecan,300.0,Woodland and shrubland type of vegetation,2320,Nuts
3303030400,pistachio,300.0,Woodland and shrubland type of vegetation,2320,Nuts
3303030500,sweet_chestnuts,300.0,Woodland and shrubland type of vegetation,2320,Nuts
3303030600,walnuts,300.0,Woodland and shrubland type of vegetation,2320,Nuts
3303040000,citrus_plantations,300.0,Woodland and shrubland type of vegetation,2310,Fruits
3303050000,olive_plantations,300.0,Woodland and shrubland type of vegetation,2200,Olives
3303050100,olives_for_oil_production,300.0,Woodland and shrubland type of vegetation,2200,Olives
3303050200,table_olives,300.0,Woodland and shrubland type of vegetation,2200,Olives
3303060000,vineyards_wine_vine_rebland_grapes,300.0,Woodland and shrubland type of vegetation,2100,Grapes
3303070000,nurseries_nursery,300.0,Woodland and shrubland type of vegetation,3200,Unclassified permanent crop
3303080000,shrubberries_shrubs,300.0,Woodland and shrubland type of vegetation,2310,Fruits
3303080100,azaleas,300.0,Woodland and shrubland type of vegetation,2310,Fruits
3303080200,chaenomeles_cathayensis,300.0,Woodland and shrubland type of vegetation,2310,Fruits
3303080300,crataegus_hawthorn,300.0,Woodland and shrubland type of vegetation,2310,Fruits
3303080400,elder_elderberry,300.0,Woodland and shrubland type of vegetation,2310,Fruits
3303080500,honeysuckle,300.0,Woodland and shrubland type of vegetation,2310,Fruits
3303080600,ricinus_castor,300.0,Woodland and shrubland type of vegetation,2310,Fruits
3303080700,wire_bush,300.0,Woodland and shrubland type of vegetation,2310,Fruits
3303090000,ginko,300.0,Woodland and shrubland type of vegetation,3200,Unclassified permanent crop
3303100000,avocado,300.0,Woodland and shrubland type of vegetation,2310,Fruits
3303110000,legumes_from_trees,300.0,Woodland and shrubland type of vegetation,2310,Fruits
3303110100,carob,300.0,Woodland and shrubland type of vegetation,2310,Fruits
3303110200,mesquite,300.0,Woodland and shrubland type of vegetation,2310,Fruits
3303110300,tamarind,300.0,Woodland and shrubland type of vegetation,2310,Fruits
3303120000,unspecified_permanent_crops,300.0,Woodland and shrubland type of vegetation,2310,Fruits
3303990000,other_permanent_crops_plantations,300.0,Woodland and shrubland type of vegetation,2310,Fruits
3304000000,mushrooms_energy_genetically_modified_crops,,,3100,Unclassified arable crop
3304010000,energy_crops,,,3100,Unclassified arable crop
3304020000,genetically_modified_crops,,,3100,Unclassified arable crop
3304020100,igniscum_candy,250.0,Other fodder crops (excl. temp. grasslands),1210,Fresh Vegetables
3304030000,sida_virginia_mallow,240.0,"Dry pulses, vegetables and flowers",1210,Fresh Vegetables
3304040000,truffle,300.0,Woodland and shrubland type of vegetation,3200,Unclassified permanent crop
3304990000,other_mushrooms_energy_crops_genetically_modified_crops,,,3100,Unclassified arable crop
3305000000,greenhouse_foil_film,,,3200,Unclassified permanent crop
3306000000,tree_wood_forest,300.0,Woodland and shrubland type of vegetation,3200,Unclassified permanent crop
3306010000,afforestation_reforestation,300.0,Woodland and shrubland type of vegetation,3200,Unclassified permanent crop
3306020000,aspen,300.0,Woodland and shrubland type of vegetation,3200,Unclassified permanent crop
3306030000,birch,300.0,Woodland and shrubland type of vegetation,3200,Unclassified permanent crop
3306040000,dogwood_cornus,300.0,Woodland and shrubland type of vegetation,3200,Unclassified permanent crop
3306050000,eucalyptus,300.0,Woodland and shrubland type of vegetation,3200,Unclassified permanent crop
3306060000,oak,300.0,Woodland and shrubland type of vegetation,3200,Unclassified permanent crop
3306070000,populus,300.0,Woodland and shrubland type of vegetation,3200,Unclassified permanent crop
3306080000,willows_osiers,300.0,Woodland and shrubland type of vegetation,3200,Unclassified permanent crop
3306980000,unspecified_tree_wood_forest,300.0,Woodland and shrubland type of vegetation,3200,Unclassified permanent crop
3306990000,other_tree_wood_forest,300.0,Woodland and shrubland type of vegetation,3200,Unclassified permanent crop
3307000000,peat_turf,,,3200,Unclassified permanent crop
3308000000,unmaintained,,,3100,Unclassified arable crop
3399000000,not_known_and_other,,,3100,Unclassified arable crop
