Italian_Name,English_Name,HCAT2_Name,HCAT2_Code,Direct_Match,Reason,crop_name,main_crop
ERBA MEDICA,Alfalfa,alfalfa_lucerne,3301090301,no,Partial match found in HCAT2 names,ERBA MEDICA,562
ASPARAGO,Asparagus,alliums,3301220000,no,,ASPARAGO,902
MANDORLO,Almond,almond,3303030100,yes,Direct exact match,MANDORLO,493
AMARANTO,Amaranth,amaranth,3301150100,yes,Direct exact match,AMARANTO,496
ANEMONE,Anemone,anemones_windflowers,3301080200,no,Partial match found in HCAT2 names,ANEMONE,50
ANGELICA,Angelica,angelica,3301061204,yes,Direct exact match,ANGELICA,288
MELO,Apple,apples,3303010200,no,Partial match found in HCAT2 names,MELO,44
ALBICOCCO,Apricot,apricots,3303010300,no,Partial match found in HCAT2 names,ALBICOCCO,671
AREA A SEMINATIVO DEDICATA ALL'ELICICOLTURA,Arable land for snail farming,arable_crops,3301000000,no,,AREA A SEMINATIVO DEDICATA ALL'ELICICOLTURA,A05
SEMINATIVI,Arable crops,arable_crops,3301000000,,,SEMINATIVI,666
MISCUGLI DI COLTURE,Mixed crops,arable_crops,3301000000,no,,MISCUGLI DI COLTURE,A06
MARGINI DEI CAMPI SEMINABILI,Field margins (arable),arable_crops,3301000000,no,,MARGINI DEI CAMPI SEMINABILI,386
BARDANA,Burdock,arctium_burdock,3301290100,no,Partial match found in HCAT2 names,BARDANA,297
ALOE,Aloe,aromatic_medicinal_culinary_plants_spices_herbs,3301061200,no,Matched as aromatic medicinal culinary plants spices herbs based on keywords,ALOE,456
ALTEA,Marshmallow (Althaea),aromatic_medicinal_culinary_plants_spices_herbs,3301061200,no,Matched as aromatic medicinal culinary plants spices herbs based on keywords,ALTEA,286
PIANTE AROMATICHE E MEDICINALI E SPEZIE,Aromatic and medicinal plants and spices,aromatic_medicinal_culinary_plants_spices_herbs,3301061200,no,Matched as aromatic medicinal culinary plants spices herbs based on keywords,PIANTE AROMATICHE E MEDICINALI E SPEZIE,507
CAPPERO,Capers,aromatic_medicinal_culinary_plants_spices_herbs,3301061200,no,,CAPPERO,968
CENTELLA,Gotu kola (Centella),aromatic_medicinal_culinary_plants_spices_herbs,3301061200,no,,CENTELLA,483
ARBORETO CONSOCIABILE (CON COLTIVAZIONI ERBACEE),Mixed arboretum (with herbaceous crops),aromatic_medicinal_culinary_plants_spices_herbs,3301061200,no,Matched as aromatic medicinal culinary plants spices herbs based on keywords,ARBORETO CONSOCIABILE (CON COLTIVAZIONI ERBACEE),655
STATICE,Sea lavender (Limonium),aromatic_medicinal_culinary_plants_spices_herbs,3301061200,no,Matched as aromatic medicinal culinary plants spices herbs based on keywords,STATICE,155
PIANTAGGINE MAGGIORE O LINGUA D'OCA,Greater plantain,aromatic_medicinal_culinary_plants_spices_herbs,3301061200,no,,PIANTAGGINE MAGGIORE O LINGUA D'OCA,397
GRINDELIA,Grindelia,aromatic_medicinal_culinary_plants_spices_herbs,3301061200,no,,GRINDELIA,342
ELICRISO,Helichrysum,aromatic_medicinal_culinary_plants_spices_herbs,3301061200,no,,ELICRISO,328
EQUISETO,Horsetail,aromatic_medicinal_culinary_plants_spices_herbs,3301061200,no,,EQUISETO,330
GINEPRO,Juniper,aromatic_medicinal_culinary_plants_spices_herbs,3301061200,no,,GINEPRO,317
PIANTAGGINE LANCEOLATA O LINGUA DI CANE,Ribwort plantain,aromatic_medicinal_culinary_plants_spices_herbs,3301061200,no,,PIANTAGGINE LANCEOLATA O LINGUA DI CANE,396
ALLORO,Bay laurel,aromatic_medicinal_culinary_plants_spices_herbs,3301061200,no,,ALLORO,485
MAGGIORANA,Marjoram,aromatic_medicinal_culinary_plants_spices_herbs,3301061200,no,,MAGGIORANA,964
MIRTO,Myrtle,aromatic_medicinal_culinary_plants_spices_herbs,3301061200,no,,MIRTO,318
PREZZEMOLO,Parsley,aromatic_medicinal_culinary_plants_spices_herbs,3301061200,no,,PREZZEMOLO,933
PARTENIO,Feverfew (Tanacetum parthenium),aromatic_medicinal_culinary_plants_spices_herbs,3301061200,no,,PARTENIO,393
PSILLO O PLANTAGO OVATA,Psyllium (Plantago ovata),aromatic_medicinal_culinary_plants_spices_herbs,3301061200,no,,PSILLO O PLANTAGO OVATA,398
VERBENA OFFICINALE,Common vervain,aromatic_medicinal_culinary_plants_spices_herbs,3301061200,no,,VERBENA OFFICINALE,417
ARTEMISIA,Artemisia,artemisia,3301061206,yes,Direct exact match,ARTEMISIA,295
CARCIOFO,Artichoke,artichoke,3301270000,yes,Direct exact match,CARCIOFO,909
CARDI,Cardoon,artichoke,3301270000,no,,CARDI,910
TOPINAMBUR,Jerusalem artichoke,artichoke,3301270000,no,Partial match found in HCAT2 names,TOPINAMBUR,83
PIOPPO TREMULO,Aspen,aspen,3306020000,yes,Direct exact match,PIOPPO TREMULO,302
AVOCADO,Avocado,avocado,3303100000,yes,Direct exact match,AVOCADO,405
ORZO,Barley,barley,3301010400,yes,Direct exact match,ORZO,870
BASILICO,Basil,basil,3301061207,yes,Direct exact match,BASILICO,903
BASILICO SANTO,Holy basil,basil,3301061207,no,Partial match found in HCAT2 names,BASILICO SANTO,294
FAGIOLO,Bean,beans,3301020100,no,Partial match found in HCAT2 names,FAGIOLO,122
BEGONIA,Begonia,begonias,3301080400,no,Partial match found in HCAT2 names,BEGONIA,536
CUMINO - CUMINO ROMANO,Cumin,black_cumin,3301061208,no,Partial match found in HCAT2 names,CUMINO - CUMINO ROMANO,293
MORE,Blackberry,blackberry,3303020200,yes,Direct exact match,MORE,474
RIBES NERO,Blackcurrant,blackcurrant_cassis,3303020300,no,Partial match found in HCAT2 names,RIBES NERO,477
BORRAGINE,Borage,borage,3301061209,yes,Direct exact match,BORRAGINE,306
CAVOLO,Cabbage,brassica_oleracea_cabbage,3301210200,no,Partial match found in HCAT2 names,CAVOLO,28
CAVOLO BROCCOLO,Broccoli,broccoli,3301210202,yes,Direct exact match,CAVOLO BROCCOLO,970
GRANO SARACENO,Buckwheat,buckwheat,3301150200,yes,Direct exact match,GRANO SARACENO,597
CALENDULA,Marigold,calendula_marigold,3301061210,no,Partial match found in HCAT2 names,CALENDULA,66
CARVI - CUMINO DEI PRATI,Caraway,caraway,3301061211,yes,Direct exact match,CARVI - CUMINO DEI PRATI,262
GAROFANO,Carnation,carnation,3301080800,yes,Direct exact match,GAROFANO,81
CARRUBO,Carob,carob,3303110100,yes,Direct exact match,CARRUBO,491
CAROTA,Carrot,carrots_daucus,3301290300,no,Partial match found in HCAT2 names,CAROTA,27
CAVOLFIORE,Cauliflower,cauliflower,3301210204,yes,Direct exact match,CAVOLFIORE,118
SEDANO RAPA,Celeriac,celeriac,3301250100,yes,Direct exact match,SEDANO RAPA,956
SEDANO,Celery,celery,3301250000,yes,Direct exact match,SEDANO,145
GRANO (FRUMENTO) DURO,Durum wheat,cereal,3301010000,no,Matched as cereal based on keywords,GRANO (FRUMENTO) DURO,2
LEGUMINOSE DA GRANELLA,Grain legumes,cereal,3301010000,no,Matched as cereal based on keywords,LEGUMINOSE DA GRANELLA,607
GRANTURCO (MAIS),Maize (corn),cereal,3301010000,no,Matched as cereal based on keywords,GRANTURCO (MAIS),1
GRANO DEL MIRACOLO,Miracle wheat,cereal,3301010000,no,Matched as cereal based on keywords,GRANO DEL MIRACOLO,717
GRANO (FRUMENTO) TENERO,Soft wheat,cereal,3301010000,no,Matched as cereal based on keywords,GRANO (FRUMENTO) TENERO,587
GRANO TURANICUM O FRUMENTO ORIENTALE O GRANO KHORASAN,Khorasan wheat (Triticum turanicum),cereal,3301010000,no,Matched as cereal based on keywords,GRANO TURANICUM O FRUMENTO ORIENTALE O GRANO KHORASAN,346
FRUMENTO SEGALATO,Tritordeum,cereal,3301010000,no,,FRUMENTO SEGALATO,578
CAMOMILLA,Chamomile,chamomile,3301061213,yes,Direct exact match,CAMOMILLA,324
CAMOMILLA ROMANA,Roman chamomile,chamomile,3301061213,no,Partial match found in HCAT2 names,CAMOMILLA ROMANA,325
BARBABIETOLA - RAPA ROSSA/BIETOLA DA COSTA,Beetroot / Swiss chard,chard,3301310100,no,Partial match found in HCAT2 names,BARBABIETOLA - RAPA ROSSA/BIETOLA DA COSTA,240
FRUTTETI FAMILIARI,Family orchards,chard,3301310100,no,Partial match found in HCAT2 names,FRUTTETI FAMILIARI,679
CILIEGIO,Cherry,cherry_cherries,3303010400,no,Partial match found in HCAT2 names,CILIEGIO,672
CECE,Chickpea,chickpeas,3301020200,no,Partial match found in HCAT2 names,CECE,544
PISELLO,Pea,chickpeas,3301020200,no,Partial match found in HCAT2 names,PISELLO,20
CICORIA,Chicory,chicory_chicories,3301310200,no,Partial match found in HCAT2 names,CICORIA,919
RADICCHIO,Radicchio,chicory_chicories,3301310200,yes,,RADICCHIO,935
ERBA CIPOLLINA,Chives,chives,3301220100,yes,Direct exact match,ERBA CIPOLLINA,942
CRISANTEMO,Chrysanthemum,chrysanthemum,3301080900,yes,Direct exact match,CRISANTEMO,80
BERGAMOTTO,Bergamot,citrus_plantations,3303040000,no,,BERGAMOTTO,432
CEDRO,Citron,citrus_plantations,3303040000,no,,CEDRO,60
CHINOTTO,Chinotto,citrus_plantations,3303040000,no,,CHINOTTO,387
AGRUMI,Citrus fruits,citrus_plantations,3303040000,no,Matched as fruit based on keywords,AGRUMI,430
LIMETTE,Lime,citrus_plantations,3303040000,no,,LIMETTE,435
TIGLIO NOSTRANO,Common lime (Tilia),citrus_plantations,3303040000,no,,TIGLIO NOSTRANO,746
MANDARINO,Mandarin,citrus_plantations,3303040000,no,,MANDARINO,202
MANDARANCIO (CLEMENTINO),Clementine,citrus_plantations,3303040000,no,,MANDARANCIO (CLEMENTINO),203
SATSUMA,Satsuma mandarin,citrus_plantations,3303040000,no,,SATSUMA,207
TANGELO MAPO,Tangelo,citrus_plantations,3303040000,no,,TANGELO MAPO,206
QUMQUAT,Kumquat,citrus_plantations,3303040000,no,,QUMQUAT,220
TRIFOGLIO,Clover,clover,3301090303,yes,Direct exact match,TRIFOGLIO,152
TRIFOGLIO (SP. TRIFOLIUM ALEXANDRINUM L.),Egyptian clover (Trifolium alexandrinum),clover,3301090303,no,Partial match found in HCAT2 names,TRIFOGLIO (SP. TRIFOLIUM ALEXANDRINUM L.),379
TRIFOGLIO (SP. TRIFOLIUM INCARNATUM L.),Crimson clover (Trifolium incarnatum),clover,3301090303,no,Partial match found in HCAT2 names,TRIFOGLIO (SP. TRIFOLIUM INCARNATUM L.),383
TRIFOGLIO (SP. TRIFOLIUM REPENS L.),White clover (Trifolium repens),clover,3301090303,no,Partial match found in HCAT2 names,TRIFOGLIO (SP. TRIFOLIUM REPENS L.),385
TRIFOGLIO (SP. TRIFOLIUM RESUPINATUM L.),Persian clover (Trifolium resupinatum),clover,3301090303,no,Partial match found in HCAT2 names,TRIFOGLIO (SP. TRIFOLIUM RESUPINATUM L.),388
TRIFOGLIO (SP. TRIFOLIUM SQUARROSUM L.),Squarrose clover (Trifolium squarrosum),clover,3301090303,no,Partial match found in HCAT2 names,TRIFOGLIO (SP. TRIFOLIUM SQUARROSUM L.),676
LUPOLINA,Yellow sweet clover,clover,3301090303,no,Partial match found in HCAT2 names,LUPOLINA,51
CORIANDOLO,Coriander,coriander,3301061215,yes,Direct exact match,CORIANDOLO,226
FIORDALISO,Cornflower,cornflowers,3301081000,no,Partial match found in HCAT2 names,FIORDALISO,335
COTONE,Cotton,cotton,3301060300,yes,Direct exact match,COTONE,662
BIANCOSPINO,Hawthorn,crataegus_hawthorn,3303080300,no,Partial match found in HCAT2 names,BIANCOSPINO,304
CRESCIONE DEI GIARDINI O CRESCIONE INGLESE,Garden cress,cress,3301210300,no,Partial match found in HCAT2 names,CRESCIONE DEI GIARDINI O CRESCIONE INGLESE,484
CETRIOLO,Cucumber,cucumber_pickle,3301140100,no,Partial match found in HCAT2 names,CETRIOLO,917
MARGHERITA,Daisy,daisy_daisies,3301081300,no,Partial match found in HCAT2 names,MARGHERITA,99
ARNICA,Arnica,echinacea_sun_hat,3301081500,no,,ARNICA,291
STELLA ALPINA,Edelweiss,edelweiss,3301081600,yes,Direct exact match,STELLA ALPINA,549
SAMBUCO,Elderberry,elder_elderberry,3303080400,no,Partial match found in HCAT2 names,SAMBUCO,315
FARRO,Emmer,emmer,3301011200,yes,Direct exact match,FARRO,9
INDIVIA O SCAROLA,Endive or escarole,endive,3301310300,no,Partial match found in HCAT2 names,INDIVIA O SCAROLA,162
EUCALIPTO,Eucalyptus,eucalyptus,3306050000,yes,Direct exact match,EUCALIPTO,668
ACCA SELLOWIANA O FEJIOIA SELLOWIANA,Feijoa (Acca sellowiana),feijoa,3303010500,no,Partial match found in HCAT2 names,ACCA SELLOWIANA O FEJIOIA SELLOWIANA,321
FINOCCHIO,Fennel,fennel,3301170000,yes,Direct exact match,FINOCCHIO,926
FIENO GRECO,Fenugreek,fenugreek,3301020400,yes,Direct exact match,FIENO GRECO,862
FESTUCA INDURITA,Hard fescue,festuca_fescue,3301090202,no,,FESTUCA INDURITA,263
KENAF,Kenaf,fibre_crops,3301061100,no,,KENAF,654
FICUS BENJAMINA,Weeping fig (Ficus benjamina),fig,3303010600,no,Partial match found in HCAT2 names,FICUS BENJAMINA,512
FICO,Fig,fig,3303010600,yes,Direct exact match,FICO,472
LINO,Flax,flax_linseed,3301060700,no,Partial match found in HCAT2 names,LINO,55
AGAPANTO,Agapanthus,flowers_ornamental_plants,3301080000,no,Matched as flowers ornamental plants based on keywords,AGAPANTO,160
ALSTROEMERIA,Alstroemeria,flowers_ornamental_plants,3301080000,no,Matched as flowers ornamental plants based on keywords,ALSTROEMERIA,164
ASPIDISTRA,Aspidistra,flowers_ornamental_plants,3301080000,no,,ASPIDISTRA,8
RANUNCOLO,Buttercup,flowers_ornamental_plants,3301080000,no,,RANUNCOLO,153
CALLA,Calla lily,flowers_ornamental_plants,3301080000,no,Matched as flowers ornamental plants based on keywords,CALLA,13
CAMELIA,Camellia,flowers_ornamental_plants,3301080000,no,,CAMELIA,524
CANNA CINESE (MISCANTHUS SINENSIS),Chinese silver grass (Miscanthus sinensis),flowers_ornamental_plants,3301080000,no,,CANNA CINESE (MISCANTHUS SINENSIS),112
ECHINACEA ANGUSTIFOLIA,Echinacea angustifolia,flowers_ornamental_plants,3301080000,no,,ECHINACEA ANGUSTIFOLIA,458
ECHINACEA PALLIDA,Echinacea pallida,flowers_ornamental_plants,3301080000,no,,ECHINACEA PALLIDA,457
ECHINACEA PURPUREA,Echinacea purpurea,flowers_ornamental_plants,3301080000,no,,ECHINACEA PURPUREA,488
FIORI EDULI,Edible flowers,flowers_ornamental_plants,3301080000,no,Matched as flowers ornamental plants based on keywords,FIORI EDULI,734
VIVAI FLORICOLI /ORNAMENTALI,Ornamental nurseries,flowers_ornamental_plants,3301080000,no,Matched as flowers ornamental plants based on keywords,VIVAI FLORICOLI /ORNAMENTALI,551
LILIUM,Lily,flowers_ornamental_plants,3301080000,no,Matched as flowers ornamental plants based on keywords,LILIUM,92
PIANTE ORNAMENTALI,Ornamental plants,flowers_ornamental_plants,3301080000,no,Matched as flowers ornamental plants based on keywords,PIANTE ORNAMENTALI,646
PASSIFLORA,Passionflower,flowers_ornamental_plants,3301080000,no,Matched as flowers ornamental plants based on keywords,PASSIFLORA,394
ROSA CANINA,Dog rose (rosehip),flowers_ornamental_plants,3301080000,no,Matched as flowers ornamental plants based on keywords,ROSA CANINA,411
CISTO BIANCO,White rockrose,flowers_ornamental_plants,3301080000,no,Matched as flowers ornamental plants based on keywords,CISTO BIANCO,320
PIANTE GRASSE,Succulent plants,flowers_ornamental_plants,3301080000,no,,PIANTE GRASSE,34
GERANIO,Geranium,flowers_ornamental_plants,3301080000,no,,GERANIO,535
MIMOSA,Mimosa,flowers_ornamental_plants,3301080000,no,,MIMOSA,40
VIBURNO,Viburnum,flowers_ornamental_plants,3301080000,no,,VIBURNO,48
GLICINE,Wisteria,flowers_ornamental_plants,3301080000,no,,GLICINE,464
AMAMELIDE,Witch hazel,flowers_ornamental_plants,3301080000,no,,AMAMELIDE,287
GERBERA,Gerbera,flowers_ornamental_plants,3301080000,no,,GERBERA,17
GELSOMINO,Jasmine,flowers_ornamental_plants,3301080000,no,,GELSOMINO,A03
NIGELLA DAMASCENA,Love-in-a-mist (Nigella damascena),flowers_ornamental_plants,3301080000,no,,NIGELLA DAMASCENA,760
ORCHIDEA,Orchid,flowers_ornamental_plants,3301080000,no,,ORCHIDEA,18
PHILODENDRO,Philodendron,flowers_ornamental_plants,3301080000,no,,PHILODENDRO,33
POINSETTIA (STELLA DI NATALE),Poinsettia,flowers_ornamental_plants,3301080000,no,,POINSETTIA (STELLA DI NATALE),120
OKRA O OCRA O GOMBO,Okra,fresh_vegetables,3301070000,no,,OKRA O OCRA O GOMBO,469
ALCHECHENGI,Physalis (Cape gooseberry),fruit,3303010000,no,Matched as fruit based on keywords,ALCHECHENGI,971
ANNONA CHERIMOLA (o CIRIMOIA o CHERIMOYA),Cherimoya (Annona cherimola),fruit,3303010000,no,Matched as fruit based on keywords,ANNONA CHERIMOLA (o CIRIMOIA o CHERIMOYA),677
UVA URSINA,Bearberry,fruit,3303010000,no,Matched as fruit based on keywords,UVA URSINA,466
ARANCIO AMARO o MELANGOLO,Bitter orange,fruit,3303010000,no,Matched as fruit based on keywords,ARANCIO AMARO o MELANGOLO,A02
ARONIA NERA,Black chokeberry (Aronia),fruit,3303010000,no,Matched as fruit based on keywords,ARONIA NERA,292
CORBEZZOLO,Strawberry tree (Arbutus unedo),fruit,3303010000,no,Matched as fruit based on keywords,CORBEZZOLO,171
VIVAI FRUTTICOLI COMPRESE LE PIANTE DA BACCHE,Fruit nurseries (including berry plants),fruit,3303010000,no,Matched as fruit based on keywords,VIVAI FRUTTICOLI COMPRESE LE PIANTE DA BACCHE,552
POMPELMO,Grapefruit,fruit,3303010000,no,Matched as fruit based on keywords,POMPELMO,205
LIPPIA CITRIODORA O CEDRINA O LIMONCINA (ALOYSIA CITRODORA),Lemon verbena,fruit,3303010000,no,Matched as fruit based on keywords,LIPPIA CITRIODORA O CEDRINA O LIMONCINA (ALOYSIA CITRODORA),322
VITE,Vine (grapevine),fruit,3303010000,no,Matched as fruit based on keywords,VITE,410
LYCIUM BARBARUM (GOJI),Goji berry,fruit,3303010000,no,Matched as fruit based on keywords,LYCIUM BARBARUM (GOJI),213
MELISSA,Lemon balm,fruit,3303010000,no,Matched as fruit based on keywords,MELISSA,961
GELSO,Mulberry,fruit,3303010000,no,Matched as fruit based on keywords,GELSO,177
BANANO DEL NORD,Northern banana,fruit,3303010000,no,Matched as fruit based on keywords,BANANO DEL NORD,695
ARANCIO,Orange,fruit,3303010000,no,Matched as fruit based on keywords,ARANCIO,201
ANANASSI,Pineapple,fruit,3303010000,no,Matched as fruit based on keywords,ANANASSI,958
"MIRTILLI ROSSI MIRTILLI NERI ED ALTRI FRUTTI DEL GENERE ""VACCINIUM""",Cranberries  blueberries  and other Vaccinium fruits,fruit,3303010000,no,Matched as fruit based on keywords,"MIRTILLI ROSSI MIRTILLI NERI ED ALTRI FRUTTI DEL GENERE ""VACCINIUM""",475
CILIEGIO ACIDO (MARASCA VISCIOLA AMARENA),Sour cherry,fruit,3303010000,no,Matched as fruit based on keywords,CILIEGIO ACIDO (MARASCA VISCIOLA AMARENA),468
FRAGOLA,Strawberry,fruit,3303010000,no,Matched as fruit based on keywords,FRAGOLA,927
MENTA DOLCE,Spearmint,fruit,3303010000,no,Matched as fruit based on keywords,MENTA DOLCE,279
VISCIOLE,Morello cherry,fruit,3303010000,no,Matched as fruit based on keywords,VISCIOLE,479
RIBES BIANCO (UVA SPINA),White currant (gooseberry),fruit,3303010000,no,Matched as fruit based on keywords,RIBES BIANCO (UVA SPINA),480
GALEGA O CAPRAGGINE,Goats rue (Galega),galega,3301081900,no,Partial match found in HCAT2 names,GALEGA O CAPRAGGINE,337
AGLIO,Garlic,garlic,3301220200,yes,Direct exact match,AGLIO,113
GENZIANA,Gentian,gentians,3301082000,no,Partial match found in HCAT2 names,GENZIANA,550
GLADIOLO,Gladiolus,gladiolus_gladioli,3301082100,no,Partial match found in HCAT2 names,GLADIOLO,37
VERGA D'ORO (SOLIDAGO VIRGA AUREA L.),Goldenrod,goldenrod,3301082200,yes,Direct exact match,VERGA D'ORO (SOLIDAGO VIRGA AUREA L.),418
NOCCIOLO,Hazelnut,hazelnuts_hazel,3303030200,no,Partial match found in HCAT2 names,NOCCIOLO,494
LUPPOLO,Hop,hops,3301060200,no,Partial match found in HCAT2 names,LUPPOLO,76
RAFANO,Horseradish,horseradish,3301210400,yes,Direct exact match,RAFANO,429
BAMBU GIGANTE,Giant bamboo,industrial_nonfood_crops,3301060000,no,,BAMBU GIGANTE,424
LUFFA,Luffa,industrial_nonfood_crops,3301060000,no,,LUFFA,719
RESEDA O GUADERELLA O LUTEOLA,Dyers rocket (Reseda luteola),industrial_nonfood_crops,3301060000,no,,RESEDA O GUADERELLA O LUTEOLA,462
GIAGGIOLO (IRIS) PALLIDA,Pale iris,iris,3301082300,no,Partial match found in HCAT2 names,GIAGGIOLO (IRIS) PALLIDA,338
GUALDO,Woad (Isatis tinctoria),isatis_tinctoria_woad,3301082400,yes,,GUALDO,343
ORTI FAMILIARI,Family gardens,kitchen_gardens,3301120000,no,,ORTI FAMILIARI,629
ACTINIDIA (KIWI),Kiwi,kiwi,3303010700,yes,Direct exact match,ACTINIDIA (KIWI),831
CAVOLO RAPA,Kohlrabi,kohlrabi,3301210209,yes,Direct exact match,CAVOLO RAPA,954
LAVANDA,Lavender,lavender_lavandula,3301061219,no,Partial match found in HCAT2 names,LAVANDA,445
PORRO,Leek,leek,3301220300,yes,Direct exact match,PORRO,135
AGRETTO,Salsola soda (Agretti),legumes_forage_crops,3301020000,no,Matched as legumes forage crops based on keywords,AGRETTO,114
ROBINIA,Black locust (Robinia),legumes_from_trees,3303110000,no,,ROBINIA,669
GINESTRINO,Birdsfoot trefoil,legumes_harvested_green,3301090300,no,,GINESTRINO,581
MISCUGLIO DI AZOTOFISSATRICI,Nitrogen-fixing crop mix,legumes_harvested_green,3301090300,no,,MISCUGLIO DI AZOTOFISSATRICI,722
SULLA,Sulla (Hedysarum coronarium),legumes_harvested_green,3301090300,no,,SULLA,840
LIMONE,Lemon,lemon_balm_melissa,3301061220,no,Partial match found in HCAT2 names,LIMONE,204
LENTICCHIE,Lentil,lentils,3301020500,no,Partial match found in HCAT2 names,LENTICCHIE,16
AZZERUOLO,Medlar (Crataegus azarolus),medlar_loquat,3303010800,no,,AZZERUOLO,969
NESPOLO,Medlar,medlar_loquat,3303010800,no,Partial match found in HCAT2 names,NESPOLO,476
MELILOTO,Melilot,melilot,3301090304,yes,Direct exact match,MELILOTO,622
MELONE,Melon,melon,3301140300,yes,Direct exact match,MELONE,130
MIGLIO,Millet,millet_sorghum,3301010900,no,Partial match found in HCAT2 names,MIGLIO,624
SORGO,Sorghum,millet_sorghum,3301010900,no,Partial match found in HCAT2 names,SORGO,693
CODA DI VOLPE,Foxtail,millet_sorghum,3301010900,no,,CODA DI VOLPE,22
PANICO,Foxtail millet,millet_sorghum,3301010900,no,,PANICO,53
MENTA,Mint,mints_peppermint,3301061222,no,Partial match found in HCAT2 names,MENTA,962
MENTA PIPERITA,Peppermint,mints_peppermint,3301061222,no,Partial match found in HCAT2 names,MENTA PIPERITA,280
ARUNDO DONAX,Giant reed (Arundo donax),miscanthus_silvergrass,3301083000,no,,ARUNDO DONAX,653
FUNGHI,Mushrooms,mushrooms_energy_genetically_modified_crops,3304000000,no,Partial match found in HCAT2 names,FUNGHI,447
SENAPE NERA,Black mustard,mustard,3301210100,no,Partial match found in HCAT2 names,SENAPE NERA,438
SENAPE BRUNA,Brown mustard,mustard,3301210100,no,Partial match found in HCAT2 names,SENAPE BRUNA,436
ERISMO,Hedge mustard (Erismum),mustard,3301210100,no,Partial match found in HCAT2 names,ERISMO,546
SENAPE,Mustard,mustard,3301210100,yes,Direct exact match,SENAPE,77
NASTURZIO,Nasturtium,nasturtiums,3301061224,no,Partial match found in HCAT2 names,NASTURZIO,498
PESCO NETTARINA,Nectarine,nectarine,3303010900,yes,Direct exact match,PESCO NETTARINA,804
ORTICA,Nettle,nettles,3301061225,no,Partial match found in HCAT2 names,ORTICA,392
MARGINI DEI CAMPI,Field margins,not_known_and_other,3399000000,no,ok,MARGINI DEI CAMPI,789
MACERI STAGNI E LAGHETTI,Ponds and small lakes,not_known_and_other,3399000000,no,ok,MACERI STAGNI E LAGHETTI,784
MANUFATTI,Manufactured goods,not_known_and_other,3399000000,no,ok,MANUFATTI,660
FOSSATI E CANALI,Ditches and canals,not_known_and_other,3399000000,no,ok,FOSSATI E CANALI,786
USO NON AGRICOLO - ALTRO,Non-agricultural use - other,not_known_and_other,3399000000,no,ok,USO NON AGRICOLO - ALTRO,156
FASCE TAMPONE NON RIPARIALI,Non-riparian buffer strips,not_known_and_other,3399000000,no,ok,FASCE TAMPONE NON RIPARIALI,792
FASCE TAMPONE RIPARIALI,Riparian buffer strips,not_known_and_other,3399000000,no,ok,FASCE TAMPONE RIPARIALI,791
RUSCUS,Butchers broom (Ruscus),flowers_ornamental_plants,3301080000,no,,RUSCUS,43
SCAGLIOLA,Canary grass,poaceae_grasses,3301090200,no,,SCAGLIOLA,675
SERRADELLA,Sainfoin (Ornithopus sativus),legumes_harvested_green,3301090300,no,,SERRADELLA,78
SESAMO,Sesame,aromatic_medicinal_culinary_plants_spices_herbs,3301061200,no,,SESAMO,149
SILENE O SIRENE O STRIGOLI DA ORTO,Silene (bladder campion),flowers_ornamental_plants,3301080000,no,,SILENE O SIRENE O STRIGOLI DA ORTO,692
STEVIA REBAUDIANA,Stevia,aromatic_medicinal_culinary_plants_spices_herbs,3301061200,no,,STEVIA REBAUDIANA,11
STRELITZIA,Bird of paradise (Strelitzia),flowers_ornamental_plants,3301080000,no,,STRELITZIA,36
CANNA DA ZUCCHERO,Sugarcane,other_permanent_crops_plantations,3303990000,no,,CANNA DA ZUCCHERO,487
TERRAZZAMENTI,Terraces,not_known_and_other,3399000000,no,ok,TERRAZZAMENTI,790
MURETTI TRADIZIONALI,Traditional dry stone walls,not_known_and_other,3399000000,no,ok,MURETTI TRADIZIONALI,787
TRITORDEUM,Tritordeum,cereal,3301010000,no,,TRITORDEUM,244
FETTUCCIA D'ACQUA,Ribbon weed,not_known_and_other,3399000000,no,ok,FETTUCCIA D'ACQUA,10
VIVAI OLIVICOLI,Olive nurseries,nurseries_nursery,3303070000,no,,VIVAI OLIVICOLI,554
VIVAI - ALTRI,Other nurseries,nurseries_nursery,3303070000,no,,VIVAI - ALTRI,556
FRUTTA A GUSCIO,Nuts,nuts,3303030000,yes,Direct exact match,FRUTTA A GUSCIO,490
ARACHIDE,Peanut,nuts,3303020000,no,Matched as nuts based on keywords,ARACHIDE,630
CERRO,Turkey oak (Quercus cerris),oak,3306060000,no,Partial match found in HCAT2 names,CERRO,593
QUERCIA DI DALECHAMPS,Dalechamps oak,oak,3306060000,no,Partial match found in HCAT2 names,QUERCIA DI DALECHAMPS,744
FARNIA,English oak (Quercus robur),oak,3306060000,no,Partial match found in HCAT2 names,FARNIA,192
LECCIO,Holm oak,oak,3306060000,no,Partial match found in HCAT2 names,LECCIO,311
ROVERELLA,Downy oak,oak,3306060000,no,Partial match found in HCAT2 names,ROVERELLA,193
QUERCIA SPINOSA,Kermes oak,oak,3306060000,no,Partial match found in HCAT2 names,QUERCIA SPINOSA,743
AVENA,Oats,oats,3301010500,yes,Direct exact match,AVENA,533
OLIVO,Olive,olive_plantations,3303050000,no,Partial match found in HCAT2 names,OLIVO,420
LUPINELLA,Sainfoin,onobrychis_sainfoins,3301061600,no,Partial match found in HCAT2 names,LUPINELLA,612
LOTO (KAKI) (COMPRESO IL CACO MELA),Persimmon,orchards_fruits,3303010000,no,,LOTO (KAKI) (COMPRESO IL CACO MELA),471
GUAIAVE MANGO E MANGOSTANO,Guava  mango  mangosteen,orchards_fruits,3303010000,no,,GUAIAVE MANGO E MANGOSTANO,959
ORIGANO,Oregano,oregano,3301061226,yes,Direct exact match,ORIGANO,963
BAMBU,Bamboo,other_permanent_crops_plantations,3303990000,no,,BAMBU,422
PASTINACA,Parsnip,parsnips,3301290500,no,Partial match found in HCAT2 names,PASTINACA,395
PRATO POLIFITA,Mixed grassland,pasture_meadow_grassland_grass,3302000000,no,,PRATO POLIFITA,336
PASCOLO POLIFITA CON ROCCIA AFFIORANTE TARA 20%,Rocky mixed pasture (20% tare),pasture_meadow_grassland_grass,3302000000,no,,PASCOLO POLIFITA CON ROCCIA AFFIORANTE TARA 20%,63
PASCOLO POLIFITA CON ROCCIA AFFIORANTE TARA 50%,Rocky mixed pasture (50% tare),pasture_meadow_grassland_grass,3302000000,no,,PASCOLO POLIFITA CON ROCCIA AFFIORANTE TARA 50%,64
PRATO PASCOLO,Pasture meadow,pasture_meadow_grassland_grass,3302000000,no,,PRATO PASCOLO,899
ERBA MAZZOLINA,Meadow grass,pasture_meadow_grassland_grass,3302000000,no,,ERBA MAZZOLINA,32
PASCOLO POLIFITA,Mixed pasture,pasture_meadow_grassland_grass,3302000000,no,,PASCOLO POLIFITA,65
PRATI PERMANENTI NATURALI CON VINCOLI AMBIENTALI,Permanent natural grassland (with environmental constraints),pasture_meadow_grassland_grass,3302000000,no,,PRATI PERMANENTI NATURALI CON VINCOLI AMBIENTALI,391
PRATI ARIDI - FORMAZIONI ERBOSE CON ORCHIDEE,Dry grasslands with orchids,pasture_meadow_grassland_grass,3302000000,no,,PRATI ARIDI - FORMAZIONI ERBOSE CON ORCHIDEE,460
PESCO,Peach,peach,3303011100,yes,Direct exact match,PESCO,801
PERO,Pear,pears,3303011200,no,Partial match found in HCAT2 names,PERO,189
PECAN,Pecan,pecan,3303030300,yes,Direct exact match,PECAN,747
PEONIA,Peony,peony_peonies,3301083400,no,Partial match found in HCAT2 names,PEONIA,31
GIUGGIOLO,Jujube,permanent_crops_perennial,3303000000,no,,GIUGGIOLO,228
FACELIA,Phacelia,phacelia,3301061400,yes,Direct exact match,FACELIA,332
PISTACCHIO,Pistachio,pistachio,3303030400,yes,Direct exact match,PISTACCHIO,497
ERBAIO,Green fodder,plants_harvested_green,3301090000,no,,ERBAIO,800
PRUGNOLO,Blackthorn,plums,3303011300,no,,PRUGNOLO,499
SUSINO,Plum,plums,3303011300,no,Partial match found in HCAT2 names,SUSINO,673
PRUGNE,Plums,plums,3303011300,yes,Direct exact match,PRUGNE,950
MOLINIETI - MOLINIA CAERULEA,Purple moor grass,poaceae_grasses,3301090200,no,,MOLINIETI - MOLINIA CAERULEA,461
MELOGRANO,Pomegranate,pomegranate,3303011400,yes,Direct exact match,MELOGRANO,408
ESCOLZIA,California poppy (Eschscholzia),poppy,3301060600,no,Partial match found in HCAT2 names,ESCOLZIA,331
PAPAVERO,Poppy,poppy,3301060600,yes,Direct exact match,PAPAVERO,101
YACON (patata yacon o carota dolce),Yacon,potatoes,3301030000,no,,YACON (patata yacon o carota dolce),A04
PATATA,Potato,potatoes,3301030000,no,Partial match found in HCAT2 names,PATATA,710
ZUCCA LAGENARIA,Bottle gourd,pumpkin_squash_gourd,3301140400,no,,ZUCCA LAGENARIA,715
ZUCCA,Pumpkin,pumpkin_squash_gourd,3301140400,no,Partial match found in HCAT2 names,ZUCCA,940
COTOGNO,Quince,quinces,3303011500,no,Partial match found in HCAT2 names,COTOGNO,661
CHENOPODIUM QUINOA,Quinoa,quinoa,3301150300,yes,Direct exact match,CHENOPODIUM QUINOA,545
RAVANELLO,Radish,radish,3301290600,yes,Direct exact match,RAVANELLO,936
RAVIZZONE,Turnip rape,rapeseed_rape,3301060400,no,,RAVIZZONE,58
COLZA,Rapeseed,rapeseed_rape,3301060400,no,Partial match found in HCAT2 names,COLZA,3
LAMPONE,Raspberry,raspberry_raspberries,3303021000,no,Partial match found in HCAT2 names,LAMPONE,473
RIBES ROSSO,Redcurrant,redcurrant,3303021100,yes,Direct exact match,RIBES ROSSO,481
RABARBARO,Rhubarb,rhubarb,3301230000,yes,Direct exact match,RABARBARO,879
LIQUIRIZIA,Liquorice,rice,3301010700,no,Partial match found in HCAT2 names,LIQUIRIZIA,216
RISONE,Rice,rice,3301010700,yes,Direct exact match,RISONE,19
RUCOLA,Rocket (arugula),rocket_arugula,3301310600,no,,RUCOLA,167
ZENZERO,Ginger,root_vegetables,3301290000,no,,ZENZERO,421
ROSA,Rose,rosemary,3301061230,no,Partial match found in HCAT2 names,ROSA,35
ROSMARINO,Rosemary,rosemary,3301061230,yes,Direct exact match,ROSMARINO,965
SORBO,Rowan,rowan_rowanberries,3303021300,no,Partial match found in HCAT2 names,SORBO,176
ROBBIA DEI TINTORI,Madder (Rubia tinctorum),rubia_tinctorum_common_madder,3301061231,yes,,ROBBIA DEI TINTORI,455
MARRUBIO O ROBBIO,Horehound or madder,rubia_tinctorum_common_madder,3301061231,yes,Partial match found in HCAT2 names,MARRUBIO O ROBBIO,349
LOIETTO,Ryegrass,rye,3301010300,no,Partial match found in HCAT2 names,LOIETTO,47
SEGALA,Rye,rye,3301010300,yes,Direct exact match,SEGALA,684
LOIETTO LOGLIO,Ryegrass,rye,3301010300,no,Partial match found in HCAT2 names,LOIETTO LOGLIO,46
CARTAMO,Safflower,safflower,3301083900,yes,Direct exact match,CARTAMO,539
ZAFFERANO,Saffron,saffron_crocus_sativus,3301061232,no,Partial match found in HCAT2 names,ZAFFERANO,952
SALVIA,Sage,sage_chia,3301190000,no,Partial match found in HCAT2 names,SALVIA,966
MIZUNA O BRASSICA RAPA,Mizuna,salads_lettuce_leaf_vegetables,3301310000,no,,MIZUNA O BRASSICA RAPA,541
LATTUGA LATTUGHINO,Lettuce,salads_lettuce_leaf_vegetables,3301310000,no,Partial match found in HCAT2 names,LATTUGA LATTUGHINO,127
SCORZONERA,Black salsify (Scorzonera),salsify,3301084000,no,Partial match found in HCAT2 names,SCORZONERA,414
CIPOLLA ANCHE DI TIPO LUNGO (ECHALION),Onion (including shallot type),shallot,3301220600,no,Partial match found in HCAT2 names,CIPOLLA ANCHE DI TIPO LUNGO (ECHALION),921
SCALOGNO,Shallot,shallot,3301220600,yes,Direct exact match,SCALOGNO,680
PITTOSPORO,Pittosporum,shrubberries_shrubs,3303080000,no,,PITTOSPORO,42
ORTENSIA,Hydrangea,shrubberries_shrubs,3303080000,no,,ORTENSIA,23
GINESTRA,Broom,shrubberries_shrubs,3303080000,no,,GINESTRA,39
MALVA,Mallow,sida_virginia_mallow,3304030000,no,Partial match found in HCAT2 names,MALVA,348
BOCCA DI LEONE,Snapdragon,snapdragons,3301084500,no,Partial match found in HCAT2 names,BOCCA DI LEONE,52
PRATO IN ROTOLO (TAPPETO ERBOSO),Turf (sod),sod_turf,3301090207,yes,,PRATO IN ROTOLO (TAPPETO ERBOSO),209
ROMICE O LAPAZIO,Dock (Rumex),sorrel,3301310700,no,,ROMICE O LAPAZIO,726
SOIA,Soybean,soy_soybeans,3301160000,no,Partial match found in HCAT2 names,SOIA,4
SPELTA,Spelt,spelt,3301011000,yes,Direct exact match,SPELTA,45
BABY LEAF,Baby leaf,spinach,3301310800,no,,BABY LEAF,737
SPINACIO,Spinach,spinach,3301310800,yes,Direct exact match,SPINACIO,939
IPERICO,St. Johns wort,st_johns_wort,3301061234,yes,,IPERICO,344
ENULA,Elecampane (Inula),sunflower,3301060500,no,,ENULA,329
GIRASOLE,Sunflower,sunflower,3301060500,yes,Direct exact match,GIRASOLE,5
NAVONI RUTABAGA,Rutabaga,swede_rutabaga,3301210500,no,Partial match found in HCAT2 names,NAVONI RUTABAGA,91
CASTAGNO,Chestnut,sweet_chestnuts,3303030500,no,Partial match found in HCAT2 names,CASTAGNO,492
LUPINO,Lupin,sweet_lupins,3301020700,no,Partial match found in HCAT2 names,LUPINO,615
TAGETE O GAROFANO INDIANO,Tagetes (African marigold),tagetes,3301084700,no,Partial match found in HCAT2 names,TAGETE O GAROFANO INDIANO,689
TEF o TEFF,Teff,teff,3301010904,yes,Direct exact match,TEF o TEFF,682
POA ANNUA,Annual bluegrass,temporary_grass,3301090100,no,,POA ANNUA,446
TIMO,Thyme,thyme,3301061237,yes,Direct exact match,TIMO,951
TABACCO,Tobacco,tobacco,3301060100,yes,Direct exact match,TABACCO,25
POMODORO,Tomato,tomato,3301280000,yes,Direct exact match,POMODORO,134
POMODORINO,Cherry tomato,tomato,3301280000,no,Partial match found in HCAT2 names,POMODORINO,656
AVENA ALTISSIMA,Tall oat,tree_wood_forest,3306000000,no,,AVENA ALTISSIMA,261
ASSENZIO,Wormwood (Absinthe),tree_wood_forest,3306000000,no,Matched as tree wood forest based on keywords,ASSENZIO,296
ACACIA SALIGNA,Acacia saligna,tree_wood_forest,3306000000,no,Matched as tree wood forest based on keywords,ACACIA SALIGNA,973
ONTANO,Alder,tree_wood_forest,3306000000,no,Matched as tree wood forest based on keywords,ONTANO,179
ARALIA,Aralia,tree_wood_forest,3306000000,,,ARALIA,7
FRASSINO,Ash tree,tree_wood_forest,3306000000,no,Matched as tree wood forest based on keywords,FRASSINO,967
PIOPPO NERO,Black poplar,tree_wood_forest,3306000000,no,Matched as tree wood forest based on keywords,PIOPPO NERO,301
CARPINO,Hornbeam,tree_wood_forest,3306000000,no,,CARPINO,181
PINO DOMESTICO,Stone pine,tree_wood_forest,3306000000,no,Matched as tree wood forest based on keywords,PINO DOMESTICO,826
OLMO,Elm,tree_wood_forest,3306000000,no,,OLMO,183
EVODIA O EUODIA O ALBERO DELLE API O ALBERO DEL MIELE,Bee tree (Evodia),tree_wood_forest,3306000000,no,Matched as tree wood forest based on keywords,EVODIA O EUODIA O ALBERO DELLE API O ALBERO DEL MIELE,674
GRUPPI DI ALBERI E BOSCHETTI,Groups of trees and groves,tree_wood_forest,3306000000,no,Matched as tree wood forest based on keywords,GRUPPI DI ALBERI E BOSCHETTI,785
SIEPI E FASCE ALBERATE,Hedges and tree strips,tree_wood_forest,3306000000,no,Matched as tree wood forest based on keywords,SIEPI E FASCE ALBERATE,788
ALBERI ISOLATI,Isolated trees,tree_wood_forest,3306000000,no,Matched as tree wood forest based on keywords,ALBERI ISOLATI,793
PINO MARITTIMO,Maritime pine,tree_wood_forest,3306000000,no,Matched as tree wood forest based on keywords,PINO MARITTIMO,198
MORINGA OLEIFERA o ALBERO DEL RAVANELLO,Moringa (drumstick tree),tree_wood_forest,3306000000,no,Matched as tree wood forest based on keywords,MORINGA OLEIFERA o ALBERO DEL RAVANELLO,759
ONTANO NAPOLETANO,Neapolitan alder,tree_wood_forest,3306000000,no,Matched as tree wood forest based on keywords,ONTANO NAPOLETANO,323
PAULOWNIA TOMENTOSA,Empress tree (Paulownia),tree_wood_forest,3306000000,no,Matched as tree wood forest based on keywords,PAULOWNIA TOMENTOSA,188
PLATANO,Plane tree,tree_wood_forest,3306000000,no,Matched as tree wood forest based on keywords,PLATANO,191
PIOPPO,Poplar,tree_wood_forest,3306000000,no,Matched as tree wood forest based on keywords,PIOPPO,69
COLTIVAZIONI ARBOREE PROMISCUE (PIU' SPECIE ARBOREE),Mixed tree crops,tree_wood_forest,3306000000,no,Matched as tree wood forest based on keywords,COLTIVAZIONI ARBOREE PROMISCUE (PIU' SPECIE ARBOREE),685
REGINA DELLE ALPI,Alpine aster,tree_wood_forest,3306000000,no,Matched as tree wood forest based on keywords,REGINA DELLE ALPI,547
COLTIVAZIONI ARBOREE SPECIALIZZATE,Specialized tree crops,tree_wood_forest,3306000000,no,Matched as tree wood forest based on keywords,COLTIVAZIONI ARBOREE SPECIALIZZATE,651
PASCOLO ARBORATO - CESPUGLIATO TARA 20%,Wooded pasture (20% tare),tree_wood_forest,3306000000,no,Matched as tree wood forest based on keywords,PASCOLO ARBORATO - CESPUGLIATO TARA 20%,103
PASCOLO ARBORATO - TARA 50%,Wooded pasture (50% tare),tree_wood_forest,3306000000,no,Matched as tree wood forest based on keywords,PASCOLO ARBORATO - TARA 50%,54
ALBERI IN FILARE,Trees in rows,tree_wood_forest,3306000000,no,Matched as tree wood forest based on keywords,ALBERI IN FILARE,783
PIOPPO BIANCO,White poplar,tree_wood_forest,3306000000,no,Matched as tree wood forest based on keywords,PIOPPO BIANCO,300
BOSCO,Woodland,tree_wood_forest,3306000000,no,Matched as tree wood forest based on keywords,BOSCO,650
TRITICALE,Triticale,triticale,3301010800,yes,Direct exact match,TRITICALE,93
TARTUFO,Truffle,truffle,3304040000,yes,Direct exact match,TARTUFO,501
VALERIANA,Valerian,valerian,3301061238,yes,Direct exact match,VALERIANA,416
BROCCOLETTO DI RAPA,Turnip greens (rapini),vegetables,3301200000,no,,BROCCOLETTO DI RAPA,117
PATATA AMERICANA (BATATA),Sweet potato,vegetables,3301200000,no,Matched as vegetables based on keywords,PATATA AMERICANA (BATATA),89
FAGIOLINO,Green bean,vegetables,3301200000,no,Matched as vegetables based on keywords,FAGIOLINO,121
RICINO,Castor bean,vegetables,3301200000,no,Matched as vegetables based on keywords,RICINO,842
PEPERONCINO PEPERETTA,Chili pepper,vegetables,3301200000,no,Matched as vegetables based on keywords,PEPERONCINO PEPERETTA,62
CAVOLO CINESE,Chinese cabbage,vegetables,3301200000,no,Matched as vegetables based on keywords,CAVOLO CINESE,270
VIGNA CINESE,Chinese yardlong bean,vegetables,3301200000,no,Matched as vegetables based on keywords,VIGNA CINESE,88
CICERCHIA,Grass pea (Lathyrus sativus),vegetables,3301200000,no,Matched as vegetables based on keywords,CICERCHIA,29
FAGIOLO DALL'OCCHIO,Black-eyed pea (cowpea),vegetables,3301200000,no,Matched as vegetables based on keywords,FAGIOLO DALL'OCCHIO,453
DOLCETTA (GALLINELLA SONCINO VALERIANELLA),Lambs lettuce (corn salad),vegetables,3301200000,no,Matched as vegetables based on keywords,DOLCETTA (GALLINELLA SONCINO VALERIANELLA),169
MELANZANA,Eggplant (aubergine),vegetables,3301200000,no,Matched as vegetables based on keywords,MELANZANA,129
FAGIOLO D'EGITTO,Egyptian kidney bean,vegetables,3301200000,no,Matched as vegetables based on keywords,FAGIOLO D'EGITTO,217
FAVE FAVINO E FAVETTE,Broad bean (fava bean),vegetables,3301200000,no,Matched as vegetables based on keywords,FAVE FAVINO E FAVETTE,575
ORTIVE A PIENO CAMPO,Open-field vegetables,vegetables,3301200000,no,Matched as vegetables based on keywords,ORTIVE A PIENO CAMPO,131
VIVAI ORTICOLI,Vegetable nurseries,vegetables,3301200000,no,Matched as vegetables based on keywords,VIVAI ORTICOLI,503
MOCO,Hyacinth bean (Lablab purpureus),vegetables,3301200000,no,Matched as vegetables based on keywords,MOCO,215
PEPERONE,Bell pepper,vegetables,3301200000,no,Matched as vegetables based on keywords,PEPERONE,932
ROVEJA PISELLO SELVATICO,Roveja (wild pea),vegetables,3301200000,no,Matched as vegetables based on keywords,ROVEJA PISELLO SELVATICO,412
FAGIOLO DI SPAGNA,Spanish bean (runner bean),vegetables,3301200000,no,Matched as vegetables based on keywords,FAGIOLO DI SPAGNA,265
ZUCCHINO,Zucchini (courgette),vegetables,3301200000,no,Matched as vegetables based on keywords,ZUCCHINO,941
VECCIA VILLOSA,Hairy vetch,vetches,3301090305,no,,VECCIA VILLOSA,390
VECCIA SATIVA,Common vetch,vetches,3301090305,yes,,VECCIA SATIVA,389
VECCE,Vetch,vetches,3301090305,no,Partial match found in HCAT2 names,VECCE,79
VIVAI VITICOLI E VITI MADRI DI PORTAINNESTI,Vine nurseries and rootstock mother vines,vineyards_wine_vine_rebland_grapes,3303060000,no,,VIVAI VITICOLI E VITI MADRI DI PORTAINNESTI,553
VIOLA TRICOLOR,Pansy (Viola tricolor),viola,3301085000,no,Partial match found in HCAT2 names,VIOLA TRICOLOR,419
NOCE,Walnut,walnuts,3303030600,no,Partial match found in HCAT2 names,NOCE,495
COCOMERO,Watermelon,watermelon,3301140500,yes,Direct exact match,COCOMERO,924
SALICE,Willow,willows_osiers,3306080000,no,Partial match found in HCAT2 names,SALICE,667
ACHILLEA,Yarrow (Achillea),yarrow,3301061239,no,Partial match found in HCAT2 names,ACHILLEA,467
SUPERFICI AGRICOLE RITIRATE DALLA PRODUZIONE,Agricultural land withdrawn from production,not_known_and_other,3399000000,no,,SUPERFICI AGRICOLE RITIRATE DALLA PRODUZIONE,214
